insert into REGIONS (REGION_ID, REGION_NAME) values (1, 'Europe');
insert into REGIONS (REGION_ID, REGION_NAME) values (2, 'Americas');
insert into REGIONS (REGION_ID, REGION_NAME) values (3, 'Asia');
insert into REGIONS (REGION_ID, REGION_NAME) values (4, 'Middle East and Africa');
insert into COUNTRIES (COUNTRY_ID, COUNTRY_NAME, REGION_ID) values ('AR', 'Argentina', 2);
insert into COUNTRIES (COUNTRY_ID, COUNTRY_NAME, REGION_ID) values ('AU', 'Australia', 3);
insert into COUNTRIES (COUNTRY_ID, COUNTRY_NAME, REGION_ID) values ('BE', 'Belgium', 1);
insert into COUNTRIES (COUNTRY_ID, COUNTRY_NAME, REGION_ID) values ('BR', 'Brazil', 2);
insert into COUNTRIES (COUNTRY_ID, COUNTRY_NAME, REGION_ID) values ('CA', 'Canada', 2);
insert into COUNTRIES (COUNTRY_ID, COUNTRY_NAME, REGION_ID) values ('CH', 'Switzerland', 1);
insert into COUNTRIES (COUNTRY_ID, COUNTRY_NAME, REGION_ID) values ('CN', 'China', 3);
insert into COUNTRIES (COUNTRY_ID, COUNTRY_NAME, REGION_ID) values ('DE', 'Germany', 1);
insert into COUNTRIES (COUNTRY_ID, COUNTRY_NAME, REGION_ID) values ('DK', 'Denmark', 1);
insert into COUNTRIES (COUNTRY_ID, COUNTRY_NAME, REGION_ID) values ('EG', 'Egypt', 4);
insert into COUNTRIES (COUNTRY_ID, COUNTRY_NAME, REGION_ID) values ('FR', 'France', 1);
insert into COUNTRIES (COUNTRY_ID, COUNTRY_NAME, REGION_ID) values ('IL', 'Israel', 4);
insert into COUNTRIES (COUNTRY_ID, COUNTRY_NAME, REGION_ID) values ('IN', 'India', 3);
insert into COUNTRIES (COUNTRY_ID, COUNTRY_NAME, REGION_ID) values ('IT', 'Italy', 1);
insert into COUNTRIES (COUNTRY_ID, COUNTRY_NAME, REGION_ID) values ('JP', 'Japan', 3);
insert into COUNTRIES (COUNTRY_ID, COUNTRY_NAME, REGION_ID) values ('KW', 'Kuwait', 4);
insert into COUNTRIES (COUNTRY_ID, COUNTRY_NAME, REGION_ID) values ('ML', 'Malaysia', 3);
insert into COUNTRIES (COUNTRY_ID, COUNTRY_NAME, REGION_ID) values ('MX', 'Mexico', 2);
insert into COUNTRIES (COUNTRY_ID, COUNTRY_NAME, REGION_ID) values ('NG', 'Nigeria', 4);
insert into COUNTRIES (COUNTRY_ID, COUNTRY_NAME, REGION_ID) values ('NL', 'Netherlands', 1);
insert into COUNTRIES (COUNTRY_ID, COUNTRY_NAME, REGION_ID) values ('SG', 'Singapore', 3);
insert into COUNTRIES (COUNTRY_ID, COUNTRY_NAME, REGION_ID) values ('UK', 'United Kingdom', 1);
insert into COUNTRIES (COUNTRY_ID, COUNTRY_NAME, REGION_ID) values ('US', 'United States of America', 2);
insert into COUNTRIES (COUNTRY_ID, COUNTRY_NAME, REGION_ID) values ('ZM', 'Zambia', 4);
insert into COUNTRIES (COUNTRY_ID, COUNTRY_NAME, REGION_ID) values ('ZW', 'Zimbabwe', 4);
insert into LOCATIONS (LOCATION_ID, STREET_ADDRESS, POSTAL_CODE, CITY, STATE_PROVINCE, COUNTRY_ID) values (1000, '1297 Via Cola di Rie', '00989', 'Roma', null, 'IT');
insert into LOCATIONS (LOCATION_ID, STREET_ADDRESS, POSTAL_CODE, CITY, STATE_PROVINCE, COUNTRY_ID) values (1100, '93091 Calle della Testa', '10934', 'Venice', null, 'IT');
insert into LOCATIONS (LOCATION_ID, STREET_ADDRESS, POSTAL_CODE, CITY, STATE_PROVINCE, COUNTRY_ID) values (1200, '2017 Shinjuku-ku', '1689', 'Tokyo', 'Tokyo Prefecture', 'JP');
insert into LOCATIONS (LOCATION_ID, STREET_ADDRESS, POSTAL_CODE, CITY, STATE_PROVINCE, COUNTRY_ID) values (1300, '9450 Kamiya-cho', '6823', 'Hiroshima', null, 'JP');
insert into LOCATIONS (LOCATION_ID, STREET_ADDRESS, POSTAL_CODE, CITY, STATE_PROVINCE, COUNTRY_ID) values (1400, '2014 Jabberwocky Rd', '26192', 'Southlake', 'Texas', 'US');
insert into LOCATIONS (LOCATION_ID, STREET_ADDRESS, POSTAL_CODE, CITY, STATE_PROVINCE, COUNTRY_ID) values (1500, '2011 Interiors Blvd', '99236', 'South San Francisco', 'California', 'US');
insert into LOCATIONS (LOCATION_ID, STREET_ADDRESS, POSTAL_CODE, CITY, STATE_PROVINCE, COUNTRY_ID) values (1600, '2007 Zagora St', '50090', 'South Brunswick', 'New Jersey', 'US');
insert into LOCATIONS (LOCATION_ID, STREET_ADDRESS, POSTAL_CODE, CITY, STATE_PROVINCE, COUNTRY_ID) values (1700, '2004 Charade Rd', '98199', 'Seattle', 'Washington', 'US');
insert into LOCATIONS (LOCATION_ID, STREET_ADDRESS, POSTAL_CODE, CITY, STATE_PROVINCE, COUNTRY_ID) values (1800, '147 Spadina Ave', 'M5V 2L7', 'Toronto', 'Ontario', 'CA');
insert into LOCATIONS (LOCATION_ID, STREET_ADDRESS, POSTAL_CODE, CITY, STATE_PROVINCE, COUNTRY_ID) values (1900, '6092 Boxwood St', 'YSW 9T2', 'Whitehorse', 'Yukon', 'CA');
insert into LOCATIONS (LOCATION_ID, STREET_ADDRESS, POSTAL_CODE, CITY, STATE_PROVINCE, COUNTRY_ID) values (2000, '40-5-12 Laogianggen', '190518', 'Beijing', null, 'CN');
insert into LOCATIONS (LOCATION_ID, STREET_ADDRESS, POSTAL_CODE, CITY, STATE_PROVINCE, COUNTRY_ID) values (2100, '1298 Vileparle (E)', '490231', 'Bombay', 'Maharashtra', 'IN');
insert into LOCATIONS (LOCATION_ID, STREET_ADDRESS, POSTAL_CODE, CITY, STATE_PROVINCE, COUNTRY_ID) values (2200, '12-98 Victoria Street', '2901', 'Sydney', 'New South Wales', 'AU');
insert into LOCATIONS (LOCATION_ID, STREET_ADDRESS, POSTAL_CODE, CITY, STATE_PROVINCE, COUNTRY_ID) values (2300, '198 Clementi North', '540198', 'Singapore', null, 'SG');
insert into LOCATIONS (LOCATION_ID, STREET_ADDRESS, POSTAL_CODE, CITY, STATE_PROVINCE, COUNTRY_ID) values (2400, '8204 Arthur St', null, 'London', null, 'UK');
insert into LOCATIONS (LOCATION_ID, STREET_ADDRESS, POSTAL_CODE, CITY, STATE_PROVINCE, COUNTRY_ID) values (2500, 'Magdalen Centre, The Oxford Science Park', 'OX9 9ZB', 'Oxford', 'Oxford', 'UK');
insert into LOCATIONS (LOCATION_ID, STREET_ADDRESS, POSTAL_CODE, CITY, STATE_PROVINCE, COUNTRY_ID) values (2600, '9702 Chester Road', '09629850293', 'Stretford', 'Manchester', 'UK');
insert into LOCATIONS (LOCATION_ID, STREET_ADDRESS, POSTAL_CODE, CITY, STATE_PROVINCE, COUNTRY_ID) values (2700, 'Schwanthalerstr. 7031', '80925', 'Munich', 'Bavaria', 'DE');
insert into LOCATIONS (LOCATION_ID, STREET_ADDRESS, POSTAL_CODE, CITY, STATE_PROVINCE, COUNTRY_ID) values (2800, 'Rua Frei Caneca 1360 ', '01307-002', 'Sao Paulo', 'Sao Paulo', 'BR');
insert into LOCATIONS (LOCATION_ID, STREET_ADDRESS, POSTAL_CODE, CITY, STATE_PROVINCE, COUNTRY_ID) values (2900, '20 Rue des Corps-Saints', '1730', 'Geneva', 'Geneve', 'CH');
insert into LOCATIONS (LOCATION_ID, STREET_ADDRESS, POSTAL_CODE, CITY, STATE_PROVINCE, COUNTRY_ID) values (3000, 'Murtenstrasse 921', '3095', 'Bern', 'BE', 'CH');
insert into LOCATIONS (LOCATION_ID, STREET_ADDRESS, POSTAL_CODE, CITY, STATE_PROVINCE, COUNTRY_ID) values (3100, 'Pieter Breughelstraat 837', '3029SK', 'Utrecht', 'Utrecht', 'NL');
insert into LOCATIONS (LOCATION_ID, STREET_ADDRESS, POSTAL_CODE, CITY, STATE_PROVINCE, COUNTRY_ID) values (3200, 'Mariano Escobedo 9991', '11932', 'Mexico City', 'Distrito Federal,', 'MX');
insert into JOBS (JOB_ID, JOB_TITLE, MIN_SALARY, MAX_SALARY) values ('AD_PRES', 'President', 20080, 40000);
insert into JOBS (JOB_ID, JOB_TITLE, MIN_SALARY, MAX_SALARY) values ('AD_VP', 'Administration Vice President', 15000, 30000);
insert into JOBS (JOB_ID, JOB_TITLE, MIN_SALARY, MAX_SALARY) values ('AD_ASST', 'Administration Assistant', 3000, 6000);
insert into JOBS (JOB_ID, JOB_TITLE, MIN_SALARY, MAX_SALARY) values ('FI_MGR', 'Finance Manager', 8200, 16000);
insert into JOBS (JOB_ID, JOB_TITLE, MIN_SALARY, MAX_SALARY) values ('FI_ACCOUNT', 'Accountant', 4200, 9000);
insert into JOBS (JOB_ID, JOB_TITLE, MIN_SALARY, MAX_SALARY) values ('AC_MGR', 'Accounting Manager', 8200, 16000);
insert into JOBS (JOB_ID, JOB_TITLE, MIN_SALARY, MAX_SALARY) values ('AC_ACCOUNT', 'Public Accountant', 4200, 9000);
insert into JOBS (JOB_ID, JOB_TITLE, MIN_SALARY, MAX_SALARY) values ('SA_MAN', 'Sales Manager', 10000, 20080);
insert into JOBS (JOB_ID, JOB_TITLE, MIN_SALARY, MAX_SALARY) values ('SA_REP', 'Sales Representative', 6000, 12008);
insert into JOBS (JOB_ID, JOB_TITLE, MIN_SALARY, MAX_SALARY) values ('PU_MAN', 'Purchasing Manager', 8000, 15000);
insert into JOBS (JOB_ID, JOB_TITLE, MIN_SALARY, MAX_SALARY) values ('PU_CLERK', 'Purchasing Clerk', 2500, 5500);
insert into JOBS (JOB_ID, JOB_TITLE, MIN_SALARY, MAX_SALARY) values ('ST_MAN', 'Stock Manager', 5500, 8500);
insert into JOBS (JOB_ID, JOB_TITLE, MIN_SALARY, MAX_SALARY) values ('ST_CLERK', 'Stock Clerk', 2008, 5000);
insert into JOBS (JOB_ID, JOB_TITLE, MIN_SALARY, MAX_SALARY) values ('SH_CLERK', 'Shipping Clerk', 2500, 5500);
insert into JOBS (JOB_ID, JOB_TITLE, MIN_SALARY, MAX_SALARY) values ('IT_PROG', 'Programmer', 4000, 10000);
insert into JOBS (JOB_ID, JOB_TITLE, MIN_SALARY, MAX_SALARY) values ('MK_MAN', 'Marketing Manager', 9000, 15000);
insert into JOBS (JOB_ID, JOB_TITLE, MIN_SALARY, MAX_SALARY) values ('MK_REP', 'Marketing Representative', 4000, 9000);
insert into JOBS (JOB_ID, JOB_TITLE, MIN_SALARY, MAX_SALARY) values ('HR_REP', 'Human Resources Representative', 4000, 9000);
insert into JOBS (JOB_ID, JOB_TITLE, MIN_SALARY, MAX_SALARY) values ('PR_REP', 'Public Relations Representative', 4500, 10500);
insert into DEPARTMENTS (DEPARTMENT_ID, DEPARTMENT_NAME, MANAGER_ID, LOCATION_ID) values (10, 'Administration', 200, 1700);
insert into DEPARTMENTS (DEPARTMENT_ID, DEPARTMENT_NAME, MANAGER_ID, LOCATION_ID) values (20, 'Marketing', 201, 1800);
insert into DEPARTMENTS (DEPARTMENT_ID, DEPARTMENT_NAME, MANAGER_ID, LOCATION_ID) values (30, 'Purchasing', 114, 1700);
insert into DEPARTMENTS (DEPARTMENT_ID, DEPARTMENT_NAME, MANAGER_ID, LOCATION_ID) values (40, 'Human Resources', 203, 2400);
insert into DEPARTMENTS (DEPARTMENT_ID, DEPARTMENT_NAME, MANAGER_ID, LOCATION_ID) values (50, 'Shipping', 121, 1500);
insert into DEPARTMENTS (DEPARTMENT_ID, DEPARTMENT_NAME, MANAGER_ID, LOCATION_ID) values (60, 'IT', 103, 1400);
insert into DEPARTMENTS (DEPARTMENT_ID, DEPARTMENT_NAME, MANAGER_ID, LOCATION_ID) values (70, 'Public Relations', 204, 2700);
insert into DEPARTMENTS (DEPARTMENT_ID, DEPARTMENT_NAME, MANAGER_ID, LOCATION_ID) values (80, 'Sales', 145, 2500);
insert into DEPARTMENTS (DEPARTMENT_ID, DEPARTMENT_NAME, MANAGER_ID, LOCATION_ID) values (90, 'Executive', 100, 1700);
insert into DEPARTMENTS (DEPARTMENT_ID, DEPARTMENT_NAME, MANAGER_ID, LOCATION_ID) values (100, 'Finance', 108, 1700);
insert into DEPARTMENTS (DEPARTMENT_ID, DEPARTMENT_NAME, MANAGER_ID, LOCATION_ID) values (110, 'Accounting', 205, 1700);
insert into DEPARTMENTS (DEPARTMENT_ID, DEPARTMENT_NAME, MANAGER_ID, LOCATION_ID) values (120, 'Treasury', null, 1700);
insert into DEPARTMENTS (DEPARTMENT_ID, DEPARTMENT_NAME, MANAGER_ID, LOCATION_ID) values (130, 'Corporate Tax', null, 1700);
insert into DEPARTMENTS (DEPARTMENT_ID, DEPARTMENT_NAME, MANAGER_ID, LOCATION_ID) values (140, 'Control And Credit', null, 1700);
insert into DEPARTMENTS (DEPARTMENT_ID, DEPARTMENT_NAME, MANAGER_ID, LOCATION_ID) values (150, 'Shareholder Services', null, 1700);
insert into DEPARTMENTS (DEPARTMENT_ID, DEPARTMENT_NAME, MANAGER_ID, LOCATION_ID) values (160, 'Benefits', null, 1700);
insert into DEPARTMENTS (DEPARTMENT_ID, DEPARTMENT_NAME, MANAGER_ID, LOCATION_ID) values (170, 'Manufacturing', null, 1700);
insert into DEPARTMENTS (DEPARTMENT_ID, DEPARTMENT_NAME, MANAGER_ID, LOCATION_ID) values (180, 'Construction', null, 1700);
insert into DEPARTMENTS (DEPARTMENT_ID, DEPARTMENT_NAME, MANAGER_ID, LOCATION_ID) values (190, 'Contracting', null, 1700);
insert into DEPARTMENTS (DEPARTMENT_ID, DEPARTMENT_NAME, MANAGER_ID, LOCATION_ID) values (200, 'Operations', null, 1700);
insert into DEPARTMENTS (DEPARTMENT_ID, DEPARTMENT_NAME, MANAGER_ID, LOCATION_ID) values (210, 'IT Support', null, 1700);
insert into DEPARTMENTS (DEPARTMENT_ID, DEPARTMENT_NAME, MANAGER_ID, LOCATION_ID) values (220, 'NOC', null, 1700);
insert into DEPARTMENTS (DEPARTMENT_ID, DEPARTMENT_NAME, MANAGER_ID, LOCATION_ID) values (230, 'IT Helpdesk', null, 1700);
insert into DEPARTMENTS (DEPARTMENT_ID, DEPARTMENT_NAME, MANAGER_ID, LOCATION_ID) values (240, 'Government Sales', null, 1700);
insert into DEPARTMENTS (DEPARTMENT_ID, DEPARTMENT_NAME, MANAGER_ID, LOCATION_ID) values (250, 'Retail Sales', null, 1700);
insert into DEPARTMENTS (DEPARTMENT_ID, DEPARTMENT_NAME, MANAGER_ID, LOCATION_ID) values (260, 'Recruiting', null, 1700);
insert into DEPARTMENTS (DEPARTMENT_ID, DEPARTMENT_NAME, MANAGER_ID, LOCATION_ID) values (270, 'Payroll', null, 1700);
insert into EMPLOYEES (EMPLOYEE_ID, FIRST_NAME, LAST_NAME, EMAIL, PHONE_NUMBER, HIRE_DATE, JOB_ID, SALARY, COMMISSION_PCT, MANAGER_ID, DEPARTMENT_ID) values (100, 'Steven', 'King', 'SKING', '515.123.4567',TO_DATE('2003-06-17','YYYY-MM-DD'), 'AD_PRES', 24000.00, null, null, 90);
insert into EMPLOYEES (EMPLOYEE_ID, FIRST_NAME, LAST_NAME, EMAIL, PHONE_NUMBER, HIRE_DATE, JOB_ID, SALARY, COMMISSION_PCT, MANAGER_ID, DEPARTMENT_ID) values (101, 'Neena', 'Kochhar', 'NKOCHHAR', '515.123.4568',TO_DATE('2005-09-21','YYYY-MM-DD'), 'AD_VP', 17000.00, null, 100, 90);
insert into EMPLOYEES (EMPLOYEE_ID, FIRST_NAME, LAST_NAME, EMAIL, PHONE_NUMBER, HIRE_DATE, JOB_ID, SALARY, COMMISSION_PCT, MANAGER_ID, DEPARTMENT_ID) values (102, 'Lex', 'De Haan', 'LDEHAAN', '515.123.4569',TO_DATE('2001-01-13','YYYY-MM-DD'), 'AD_VP', 17000.00, null, 100, 90);
insert into EMPLOYEES (EMPLOYEE_ID, FIRST_NAME, LAST_NAME, EMAIL, PHONE_NUMBER, HIRE_DATE, JOB_ID, SALARY, COMMISSION_PCT, MANAGER_ID, DEPARTMENT_ID) values (103, 'Alexander', 'Hunold', 'AHUNOLD', '590.423.4567',TO_DATE('2006-01-03','YYYY-MM-DD'), 'IT_PROG', 9000.00, null, 102, 60);
insert into EMPLOYEES (EMPLOYEE_ID, FIRST_NAME, LAST_NAME, EMAIL, PHONE_NUMBER, HIRE_DATE, JOB_ID, SALARY, COMMISSION_PCT, MANAGER_ID, DEPARTMENT_ID) values (104, 'Bruce', 'Ernst', 'BERNST', '590.423.4568',TO_DATE('2007-05-21','YYYY-MM-DD'), 'IT_PROG', 6000.00, null, 103, 60);
insert into EMPLOYEES (EMPLOYEE_ID, FIRST_NAME, LAST_NAME, EMAIL, PHONE_NUMBER, HIRE_DATE, JOB_ID, SALARY, COMMISSION_PCT, MANAGER_ID, DEPARTMENT_ID) values (105, 'David', 'Austin', 'DAUSTIN', '590.423.4569',TO_DATE('2005-06-25','YYYY-MM-DD'), 'IT_PROG', 4800.00, null, 103, 60);
insert into EMPLOYEES (EMPLOYEE_ID, FIRST_NAME, LAST_NAME, EMAIL, PHONE_NUMBER, HIRE_DATE, JOB_ID, SALARY, COMMISSION_PCT, MANAGER_ID, DEPARTMENT_ID) values (106, 'Valli', 'Pataballa', 'VPATABAL', '590.423.4560',TO_DATE('2006-02-05','YYYY-MM-DD'), 'IT_PROG', 4800.00, null, 103, 60);
insert into EMPLOYEES (EMPLOYEE_ID, FIRST_NAME, LAST_NAME, EMAIL, PHONE_NUMBER, HIRE_DATE, JOB_ID, SALARY, COMMISSION_PCT, MANAGER_ID, DEPARTMENT_ID) values (107, 'Diana', 'Lorentz', 'DLORENTZ', '590.423.5567',TO_DATE('2007-02-07','YYYY-MM-DD'), 'IT_PROG', 4200.00, null, 103, 60);
insert into EMPLOYEES (EMPLOYEE_ID, FIRST_NAME, LAST_NAME, EMAIL, PHONE_NUMBER, HIRE_DATE, JOB_ID, SALARY, COMMISSION_PCT, MANAGER_ID, DEPARTMENT_ID) values (108, 'Nancy', 'Greenberg', 'NGREENBE', '515.124.4569',TO_DATE('2002-08-17','YYYY-MM-DD'), 'FI_MGR', 12008.00, null, 101, 100);
insert into EMPLOYEES (EMPLOYEE_ID, FIRST_NAME, LAST_NAME, EMAIL, PHONE_NUMBER, HIRE_DATE, JOB_ID, SALARY, COMMISSION_PCT, MANAGER_ID, DEPARTMENT_ID) values (109, 'Daniel', 'Faviet', 'DFAVIET', '515.124.4169',TO_DATE('2002-08-16','YYYY-MM-DD'), 'FI_ACCOUNT', 9000.00, null, 108, 100);
insert into EMPLOYEES (EMPLOYEE_ID, FIRST_NAME, LAST_NAME, EMAIL, PHONE_NUMBER, HIRE_DATE, JOB_ID, SALARY, COMMISSION_PCT, MANAGER_ID, DEPARTMENT_ID) values (110, 'John', 'Chen', 'JCHEN', '515.124.4269',TO_DATE('2005-09-28','YYYY-MM-DD'), 'FI_ACCOUNT', 8200.00, null, 108, 100);
insert into EMPLOYEES (EMPLOYEE_ID, FIRST_NAME, LAST_NAME, EMAIL, PHONE_NUMBER, HIRE_DATE, JOB_ID, SALARY, COMMISSION_PCT, MANAGER_ID, DEPARTMENT_ID) values (111, 'Ismael', 'Sciarra', 'ISCIARRA', '515.124.4369',TO_DATE('2005-09-30','YYYY-MM-DD'), 'FI_ACCOUNT', 7700.00, null, 108, 100);
insert into EMPLOYEES (EMPLOYEE_ID, FIRST_NAME, LAST_NAME, EMAIL, PHONE_NUMBER, HIRE_DATE, JOB_ID, SALARY, COMMISSION_PCT, MANAGER_ID, DEPARTMENT_ID) values (112, 'Jose Manuel', 'Urman', 'JMURMAN', '515.124.4469',TO_DATE('2006-03-07','YYYY-MM-DD'), 'FI_ACCOUNT', 7800.00, null, 108, 100);
insert into EMPLOYEES (EMPLOYEE_ID, FIRST_NAME, LAST_NAME, EMAIL, PHONE_NUMBER, HIRE_DATE, JOB_ID, SALARY, COMMISSION_PCT, MANAGER_ID, DEPARTMENT_ID) values (113, 'Luis', 'Popp', 'LPOPP', '515.124.4567',TO_DATE('2007-12-07','YYYY-MM-DD'), 'FI_ACCOUNT', 6900.00, null, 108, 100);
insert into EMPLOYEES (EMPLOYEE_ID, FIRST_NAME, LAST_NAME, EMAIL, PHONE_NUMBER, HIRE_DATE, JOB_ID, SALARY, COMMISSION_PCT, MANAGER_ID, DEPARTMENT_ID) values (114, 'Den', 'Raphaely', 'DRAPHEAL', '515.127.4561',TO_DATE('2002-12-07','YYYY-MM-DD'), 'PU_MAN', 11000.00, null, 100, 30);
insert into EMPLOYEES (EMPLOYEE_ID, FIRST_NAME, LAST_NAME, EMAIL, PHONE_NUMBER, HIRE_DATE, JOB_ID, SALARY, COMMISSION_PCT, MANAGER_ID, DEPARTMENT_ID) values (115, 'Alexander', 'Khoo', 'AKHOO', '515.127.4562',TO_DATE('2003-05-18','YYYY-MM-DD'), 'PU_CLERK', 3100.00, null, 114, 30);
insert into EMPLOYEES (EMPLOYEE_ID, FIRST_NAME, LAST_NAME, EMAIL, PHONE_NUMBER, HIRE_DATE, JOB_ID, SALARY, COMMISSION_PCT, MANAGER_ID, DEPARTMENT_ID) values (116, 'Shelli', 'Baida', 'SBAIDA', '515.127.4563',TO_DATE('2005-12-24','YYYY-MM-DD'), 'PU_CLERK', 2900.00, null, 114, 30);
insert into EMPLOYEES (EMPLOYEE_ID, FIRST_NAME, LAST_NAME, EMAIL, PHONE_NUMBER, HIRE_DATE, JOB_ID, SALARY, COMMISSION_PCT, MANAGER_ID, DEPARTMENT_ID) values (117, 'Sigal', 'Tobias', 'STOBIAS', '515.127.4564',TO_DATE('2005-07-24','YYYY-MM-DD'), 'PU_CLERK', 2800.00, null, 114, 30);
insert into EMPLOYEES (EMPLOYEE_ID, FIRST_NAME, LAST_NAME, EMAIL, PHONE_NUMBER, HIRE_DATE, JOB_ID, SALARY, COMMISSION_PCT, MANAGER_ID, DEPARTMENT_ID) values (118, 'Guy', 'Himuro', 'GHIMURO', '515.127.4565',TO_DATE('2006-11-15','YYYY-MM-DD'), 'PU_CLERK', 2600.00, null, 114, 30);
insert into EMPLOYEES (EMPLOYEE_ID, FIRST_NAME, LAST_NAME, EMAIL, PHONE_NUMBER, HIRE_DATE, JOB_ID, SALARY, COMMISSION_PCT, MANAGER_ID, DEPARTMENT_ID) values (119, 'Karen', 'Colmenares', 'KCOLMENA', '515.127.4566',TO_DATE('2007-08-10','YYYY-MM-DD'), 'PU_CLERK', 2500.00, null, 114, 30);
insert into EMPLOYEES (EMPLOYEE_ID, FIRST_NAME, LAST_NAME, EMAIL, PHONE_NUMBER, HIRE_DATE, JOB_ID, SALARY, COMMISSION_PCT, MANAGER_ID, DEPARTMENT_ID) values (120, 'Matthew', 'Weiss', 'MWEISS', '650.123.1234',TO_DATE('2004-07-18','YYYY-MM-DD'), 'ST_MAN', 8000.00, null, 100, 50);
insert into EMPLOYEES (EMPLOYEE_ID, FIRST_NAME, LAST_NAME, EMAIL, PHONE_NUMBER, HIRE_DATE, JOB_ID, SALARY, COMMISSION_PCT, MANAGER_ID, DEPARTMENT_ID) values (121, 'Adam', 'Fripp', 'AFRIPP', '650.123.2234',TO_DATE('2005-04-10','YYYY-MM-DD'), 'ST_MAN', 8200.00, null, 100, 50);
insert into EMPLOYEES (EMPLOYEE_ID, FIRST_NAME, LAST_NAME, EMAIL, PHONE_NUMBER, HIRE_DATE, JOB_ID, SALARY, COMMISSION_PCT, MANAGER_ID, DEPARTMENT_ID) values (122, 'Payam', 'Kaufling', 'PKAUFLIN', '650.123.3234',TO_DATE('2003-05-01','YYYY-MM-DD'), 'ST_MAN', 7900.00, null, 100, 50);
insert into EMPLOYEES (EMPLOYEE_ID, FIRST_NAME, LAST_NAME, EMAIL, PHONE_NUMBER, HIRE_DATE, JOB_ID, SALARY, COMMISSION_PCT, MANAGER_ID, DEPARTMENT_ID) values (123, 'Shanta', 'Vollman', 'SVOLLMAN', '650.123.4234',TO_DATE('2005-10-10','YYYY-MM-DD'), 'ST_MAN', 6500.00, null, 100, 50);
insert into EMPLOYEES (EMPLOYEE_ID, FIRST_NAME, LAST_NAME, EMAIL, PHONE_NUMBER, HIRE_DATE, JOB_ID, SALARY, COMMISSION_PCT, MANAGER_ID, DEPARTMENT_ID) values (124, 'Kevin', 'Mourgos', 'KMOURGOS', '650.123.5234',TO_DATE('2007-11-16','YYYY-MM-DD'), 'ST_MAN', 5800.00, null, 100, 50);
insert into EMPLOYEES (EMPLOYEE_ID, FIRST_NAME, LAST_NAME, EMAIL, PHONE_NUMBER, HIRE_DATE, JOB_ID, SALARY, COMMISSION_PCT, MANAGER_ID, DEPARTMENT_ID) values (125, 'Julia', 'Nayer', 'JNAYER', '650.124.1214',TO_DATE('2005-07-16','YYYY-MM-DD'), 'ST_CLERK', 3200.00, null, 120, 50);
insert into EMPLOYEES (EMPLOYEE_ID, FIRST_NAME, LAST_NAME, EMAIL, PHONE_NUMBER, HIRE_DATE, JOB_ID, SALARY, COMMISSION_PCT, MANAGER_ID, DEPARTMENT_ID) values (126, 'Irene', 'Mikkilineni', 'IMIKKILI', '650.124.1224',TO_DATE('2006-09-28','YYYY-MM-DD'), 'ST_CLERK', 2700.00, null, 120, 50);
insert into EMPLOYEES (EMPLOYEE_ID, FIRST_NAME, LAST_NAME, EMAIL, PHONE_NUMBER, HIRE_DATE, JOB_ID, SALARY, COMMISSION_PCT, MANAGER_ID, DEPARTMENT_ID) values (127, 'James', 'Landry', 'JLANDRY', '650.124.1334',TO_DATE('2007-01-14','YYYY-MM-DD'), 'ST_CLERK', 2400.00, null, 120, 50);
insert into EMPLOYEES (EMPLOYEE_ID, FIRST_NAME, LAST_NAME, EMAIL, PHONE_NUMBER, HIRE_DATE, JOB_ID, SALARY, COMMISSION_PCT, MANAGER_ID, DEPARTMENT_ID) values (128, 'Steven', 'Markle', 'SMARKLE', '650.124.1434',TO_DATE('2008-03-08','YYYY-MM-DD'), 'ST_CLERK', 2200.00, null, 120, 50);
insert into EMPLOYEES (EMPLOYEE_ID, FIRST_NAME, LAST_NAME, EMAIL, PHONE_NUMBER, HIRE_DATE, JOB_ID, SALARY, COMMISSION_PCT, MANAGER_ID, DEPARTMENT_ID) values (129, 'Laura', 'Bissot', 'LBISSOT', '650.124.5234',TO_DATE('2005-08-20','YYYY-MM-DD'), 'ST_CLERK', 3300.00, null, 121, 50);
insert into EMPLOYEES (EMPLOYEE_ID, FIRST_NAME, LAST_NAME, EMAIL, PHONE_NUMBER, HIRE_DATE, JOB_ID, SALARY, COMMISSION_PCT, MANAGER_ID, DEPARTMENT_ID) values (130, 'Mozhe', 'Atkinson', 'MATKINSO', '650.124.6234',TO_DATE('2005-10-30','YYYY-MM-DD'), 'ST_CLERK', 2800.00, null, 121, 50);
insert into EMPLOYEES (EMPLOYEE_ID, FIRST_NAME, LAST_NAME, EMAIL, PHONE_NUMBER, HIRE_DATE, JOB_ID, SALARY, COMMISSION_PCT, MANAGER_ID, DEPARTMENT_ID) values (131, 'James', 'Marlow', 'JAMRLOW', '650.124.7234',TO_DATE('2005-02-16','YYYY-MM-DD'), 'ST_CLERK', 2500.00, null, 121, 50);
insert into EMPLOYEES (EMPLOYEE_ID, FIRST_NAME, LAST_NAME, EMAIL, PHONE_NUMBER, HIRE_DATE, JOB_ID, SALARY, COMMISSION_PCT, MANAGER_ID, DEPARTMENT_ID) values (132, 'TJ', 'Olson', 'TJOLSON', '650.124.8234',TO_DATE('2007-04-10','YYYY-MM-DD'), 'ST_CLERK', 2100.00, null, 121, 50);
insert into EMPLOYEES (EMPLOYEE_ID, FIRST_NAME, LAST_NAME, EMAIL, PHONE_NUMBER, HIRE_DATE, JOB_ID, SALARY, COMMISSION_PCT, MANAGER_ID, DEPARTMENT_ID) values (133, 'Jason', 'Mallin', 'JMALLIN', '650.127.1934',TO_DATE('2004-06-14','YYYY-MM-DD'), 'ST_CLERK', 3300.00, null, 122, 50);
insert into EMPLOYEES (EMPLOYEE_ID, FIRST_NAME, LAST_NAME, EMAIL, PHONE_NUMBER, HIRE_DATE, JOB_ID, SALARY, COMMISSION_PCT, MANAGER_ID, DEPARTMENT_ID) values (134, 'Michael', 'Rogers', 'MROGERS', '650.127.1834',TO_DATE('2006-08-26','YYYY-MM-DD'), 'ST_CLERK', 2900.00, null, 122, 50);
insert into EMPLOYEES (EMPLOYEE_ID, FIRST_NAME, LAST_NAME, EMAIL, PHONE_NUMBER, HIRE_DATE, JOB_ID, SALARY, COMMISSION_PCT, MANAGER_ID, DEPARTMENT_ID) values (135, 'Ki', 'Gee', 'KGEE', '650.127.1734',TO_DATE('2007-12-12','YYYY-MM-DD'), 'ST_CLERK', 2400.00, null, 122, 50);
insert into EMPLOYEES (EMPLOYEE_ID, FIRST_NAME, LAST_NAME, EMAIL, PHONE_NUMBER, HIRE_DATE, JOB_ID, SALARY, COMMISSION_PCT, MANAGER_ID, DEPARTMENT_ID) values (136, 'Hazel', 'Philtanker', 'HPHILTAN', '650.127.1634',TO_DATE('2008-02-06','YYYY-MM-DD'), 'ST_CLERK', 2200.00, null, 122, 50);
insert into EMPLOYEES (EMPLOYEE_ID, FIRST_NAME, LAST_NAME, EMAIL, PHONE_NUMBER, HIRE_DATE, JOB_ID, SALARY, COMMISSION_PCT, MANAGER_ID, DEPARTMENT_ID) values (137, 'Renske', 'Ladwig', 'RLADWIG', '650.121.1234',TO_DATE('2003-07-14','YYYY-MM-DD'), 'ST_CLERK', 3600.00, null, 123, 50);
insert into EMPLOYEES (EMPLOYEE_ID, FIRST_NAME, LAST_NAME, EMAIL, PHONE_NUMBER, HIRE_DATE, JOB_ID, SALARY, COMMISSION_PCT, MANAGER_ID, DEPARTMENT_ID) values (138, 'Stephen', 'Stiles', 'SSTILES', '650.121.2034',TO_DATE('2005-10-26','YYYY-MM-DD'), 'ST_CLERK', 3200.00, null, 123, 50);
insert into EMPLOYEES (EMPLOYEE_ID, FIRST_NAME, LAST_NAME, EMAIL, PHONE_NUMBER, HIRE_DATE, JOB_ID, SALARY, COMMISSION_PCT, MANAGER_ID, DEPARTMENT_ID) values (139, 'John', 'Seo', 'JSEO', '650.121.2019',TO_DATE('2006-02-12','YYYY-MM-DD'), 'ST_CLERK', 2700.00, null, 123, 50);
insert into EMPLOYEES (EMPLOYEE_ID, FIRST_NAME, LAST_NAME, EMAIL, PHONE_NUMBER, HIRE_DATE, JOB_ID, SALARY, COMMISSION_PCT, MANAGER_ID, DEPARTMENT_ID) values (140, 'Joshua', 'Patel', 'JPATEL', '650.121.1834',TO_DATE('2006-04-06','YYYY-MM-DD'), 'ST_CLERK', 2500.00, null, 123, 50);
insert into EMPLOYEES (EMPLOYEE_ID, FIRST_NAME, LAST_NAME, EMAIL, PHONE_NUMBER, HIRE_DATE, JOB_ID, SALARY, COMMISSION_PCT, MANAGER_ID, DEPARTMENT_ID) values (141, 'Trenna', 'Rajs', 'TRAJS', '650.121.8009',TO_DATE('2003-10-17','YYYY-MM-DD'), 'ST_CLERK', 3500.00, null, 124, 50);
insert into EMPLOYEES (EMPLOYEE_ID, FIRST_NAME, LAST_NAME, EMAIL, PHONE_NUMBER, HIRE_DATE, JOB_ID, SALARY, COMMISSION_PCT, MANAGER_ID, DEPARTMENT_ID) values (142, 'Curtis', 'Davies', 'CDAVIES', '650.121.2994',TO_DATE('2005-01-29','YYYY-MM-DD'), 'ST_CLERK', 3100.00, null, 124, 50);
insert into EMPLOYEES (EMPLOYEE_ID, FIRST_NAME, LAST_NAME, EMAIL, PHONE_NUMBER, HIRE_DATE, JOB_ID, SALARY, COMMISSION_PCT, MANAGER_ID, DEPARTMENT_ID) values (143, 'Randall', 'Matos', 'RMATOS', '650.121.2874',TO_DATE('2006-03-15','YYYY-MM-DD'), 'ST_CLERK', 2600.00, null, 124, 50);
insert into EMPLOYEES (EMPLOYEE_ID, FIRST_NAME, LAST_NAME, EMAIL, PHONE_NUMBER, HIRE_DATE, JOB_ID, SALARY, COMMISSION_PCT, MANAGER_ID, DEPARTMENT_ID) values (144, 'Peter', 'Vargas', 'PVARGAS', '650.121.2004',TO_DATE('2006-07-09','YYYY-MM-DD'), 'ST_CLERK', 2500.00, null, 124, 50);
insert into EMPLOYEES (EMPLOYEE_ID, FIRST_NAME, LAST_NAME, EMAIL, PHONE_NUMBER, HIRE_DATE, JOB_ID, SALARY, COMMISSION_PCT, MANAGER_ID, DEPARTMENT_ID) values (145, 'John', 'Russell', 'JRUSSEL', '011.44.1344.429268',TO_DATE('2004-10-01','YYYY-MM-DD'), 'SA_MAN', 14000.00, 0.40, 100, 80);
insert into EMPLOYEES (EMPLOYEE_ID, FIRST_NAME, LAST_NAME, EMAIL, PHONE_NUMBER, HIRE_DATE, JOB_ID, SALARY, COMMISSION_PCT, MANAGER_ID, DEPARTMENT_ID) values (146, 'Karen', 'Partners', 'KPARTNER', '011.44.1344.467268',TO_DATE('2005-01-05','YYYY-MM-DD'), 'SA_MAN', 13500.00, 0.30, 100, 80);
insert into EMPLOYEES (EMPLOYEE_ID, FIRST_NAME, LAST_NAME, EMAIL, PHONE_NUMBER, HIRE_DATE, JOB_ID, SALARY, COMMISSION_PCT, MANAGER_ID, DEPARTMENT_ID) values (147, 'Alberto', 'Errazuriz', 'AERRAZUR', '011.44.1344.429278',TO_DATE('2005-03-10','YYYY-MM-DD'), 'SA_MAN', 12000.00, 0.30, 100, 80);
insert into EMPLOYEES (EMPLOYEE_ID, FIRST_NAME, LAST_NAME, EMAIL, PHONE_NUMBER, HIRE_DATE, JOB_ID, SALARY, COMMISSION_PCT, MANAGER_ID, DEPARTMENT_ID) values (148, 'Gerald', 'Cambrault', 'GCAMBRAU', '011.44.1344.619268',TO_DATE('2007-10-15','YYYY-MM-DD'), 'SA_MAN', 11000.00, 0.30, 100, 80);
insert into EMPLOYEES (EMPLOYEE_ID, FIRST_NAME, LAST_NAME, EMAIL, PHONE_NUMBER, HIRE_DATE, JOB_ID, SALARY, COMMISSION_PCT, MANAGER_ID, DEPARTMENT_ID) values (149, 'Eleni', 'Zlotkey', 'EZLOTKEY', '011.44.1344.429018',TO_DATE('2008-01-29','YYYY-MM-DD'), 'SA_MAN', 10500.00, 0.20, 100, 80);
insert into EMPLOYEES (EMPLOYEE_ID, FIRST_NAME, LAST_NAME, EMAIL, PHONE_NUMBER, HIRE_DATE, JOB_ID, SALARY, COMMISSION_PCT, MANAGER_ID, DEPARTMENT_ID) values (150, 'Peter', 'Tucker', 'PTUCKER', '011.44.1344.129268',TO_DATE('2005-01-30','YYYY-MM-DD'), 'SA_REP', 10000.00, 0.30, 145, 80);
insert into EMPLOYEES (EMPLOYEE_ID, FIRST_NAME, LAST_NAME, EMAIL, PHONE_NUMBER, HIRE_DATE, JOB_ID, SALARY, COMMISSION_PCT, MANAGER_ID, DEPARTMENT_ID) values (151, 'David', 'Bernstein', 'DBERNSTE', '011.44.1344.345268',TO_DATE('2005-03-24','YYYY-MM-DD'), 'SA_REP', 9500.00, 0.25, 145, 80);
insert into EMPLOYEES (EMPLOYEE_ID, FIRST_NAME, LAST_NAME, EMAIL, PHONE_NUMBER, HIRE_DATE, JOB_ID, SALARY, COMMISSION_PCT, MANAGER_ID, DEPARTMENT_ID) values (152, 'Peter', 'Hall', 'PHALL', '011.44.1344.478968',TO_DATE('2005-08-20','YYYY-MM-DD'), 'SA_REP', 9000.00, 0.25, 145, 80);
insert into EMPLOYEES (EMPLOYEE_ID, FIRST_NAME, LAST_NAME, EMAIL, PHONE_NUMBER, HIRE_DATE, JOB_ID, SALARY, COMMISSION_PCT, MANAGER_ID, DEPARTMENT_ID) values (153, 'Christopher', 'Olsen', 'COLSEN', '011.44.1344.498718',TO_DATE('2006-03-30','YYYY-MM-DD'), 'SA_REP', 8000.00, 0.20, 145, 80);
insert into EMPLOYEES (EMPLOYEE_ID, FIRST_NAME, LAST_NAME, EMAIL, PHONE_NUMBER, HIRE_DATE, JOB_ID, SALARY, COMMISSION_PCT, MANAGER_ID, DEPARTMENT_ID) values (154, 'Nanette', 'Cambrault', 'NCAMBRAU', '011.44.1344.987668',TO_DATE('2006-12-09','YYYY-MM-DD'), 'SA_REP', 7500.00, 0.20, 145, 80);
insert into EMPLOYEES (EMPLOYEE_ID, FIRST_NAME, LAST_NAME, EMAIL, PHONE_NUMBER, HIRE_DATE, JOB_ID, SALARY, COMMISSION_PCT, MANAGER_ID, DEPARTMENT_ID) values (155, 'Oliver', 'Tuvault', 'OTUVAULT', '011.44.1344.486508',TO_DATE('2007-11-23','YYYY-MM-DD'), 'SA_REP', 7000.00, 0.15, 145, 80);
insert into EMPLOYEES (EMPLOYEE_ID, FIRST_NAME, LAST_NAME, EMAIL, PHONE_NUMBER, HIRE_DATE, JOB_ID, SALARY, COMMISSION_PCT, MANAGER_ID, DEPARTMENT_ID) values (156, 'Janette', 'King', 'JKING', '011.44.1345.429268',TO_DATE('2004-01-30','YYYY-MM-DD'), 'SA_REP', 10000.00, 0.35, 146, 80);
insert into EMPLOYEES (EMPLOYEE_ID, FIRST_NAME, LAST_NAME, EMAIL, PHONE_NUMBER, HIRE_DATE, JOB_ID, SALARY, COMMISSION_PCT, MANAGER_ID, DEPARTMENT_ID) values (157, 'Patrick', 'Sully', 'PSULLY', '011.44.1345.929268',TO_DATE('2004-03-04','YYYY-MM-DD'), 'SA_REP', 9500.00, 0.35, 146, 80);
insert into EMPLOYEES (EMPLOYEE_ID, FIRST_NAME, LAST_NAME, EMAIL, PHONE_NUMBER, HIRE_DATE, JOB_ID, SALARY, COMMISSION_PCT, MANAGER_ID, DEPARTMENT_ID) values (158, 'Allan', 'McEwen', 'AMCEWEN', '011.44.1345.829268',TO_DATE('2004-08-01','YYYY-MM-DD'), 'SA_REP', 9000.00, 0.35, 146, 80);
insert into EMPLOYEES (EMPLOYEE_ID, FIRST_NAME, LAST_NAME, EMAIL, PHONE_NUMBER, HIRE_DATE, JOB_ID, SALARY, COMMISSION_PCT, MANAGER_ID, DEPARTMENT_ID) values (159, 'Lindsey', 'Smith', 'LSMITH', '011.44.1345.729268',TO_DATE('2005-03-10','YYYY-MM-DD'), 'SA_REP', 8000.00, 0.30, 146, 80);
insert into EMPLOYEES (EMPLOYEE_ID, FIRST_NAME, LAST_NAME, EMAIL, PHONE_NUMBER, HIRE_DATE, JOB_ID, SALARY, COMMISSION_PCT, MANAGER_ID, DEPARTMENT_ID) values (160, 'Louise', 'Doran', 'LDORAN', '011.44.1345.629268',TO_DATE('2005-12-15','YYYY-MM-DD'), 'SA_REP', 7500.00, 0.30, 146, 80);
insert into EMPLOYEES (EMPLOYEE_ID, FIRST_NAME, LAST_NAME, EMAIL, PHONE_NUMBER, HIRE_DATE, JOB_ID, SALARY, COMMISSION_PCT, MANAGER_ID, DEPARTMENT_ID) values (161, 'Sarath', 'Sewall', 'SSEWALL', '011.44.1345.529268',TO_DATE('2006-11-03','YYYY-MM-DD'), 'SA_REP', 7000.00, 0.25, 146, 80);
insert into EMPLOYEES (EMPLOYEE_ID, FIRST_NAME, LAST_NAME, EMAIL, PHONE_NUMBER, HIRE_DATE, JOB_ID, SALARY, COMMISSION_PCT, MANAGER_ID, DEPARTMENT_ID) values (162, 'Clara', 'Vishney', 'CVISHNEY', '011.44.1346.129268',TO_DATE('2005-11-11','YYYY-MM-DD'), 'SA_REP', 10500.00, 0.25, 147, 80);
insert into EMPLOYEES (EMPLOYEE_ID, FIRST_NAME, LAST_NAME, EMAIL, PHONE_NUMBER, HIRE_DATE, JOB_ID, SALARY, COMMISSION_PCT, MANAGER_ID, DEPARTMENT_ID) values (163, 'Danielle', 'Greene', 'DGREENE', '011.44.1346.229268',TO_DATE('2007-03-19','YYYY-MM-DD'), 'SA_REP', 9500.00, 0.15, 147, 80);
insert into EMPLOYEES (EMPLOYEE_ID, FIRST_NAME, LAST_NAME, EMAIL, PHONE_NUMBER, HIRE_DATE, JOB_ID, SALARY, COMMISSION_PCT, MANAGER_ID, DEPARTMENT_ID) values (164, 'Mattea', 'Marvins', 'MMARVINS', '011.44.1346.329268',TO_DATE('2008-01-24','YYYY-MM-DD'), 'SA_REP', 7200.00, 0.10, 147, 80);
insert into EMPLOYEES (EMPLOYEE_ID, FIRST_NAME, LAST_NAME, EMAIL, PHONE_NUMBER, HIRE_DATE, JOB_ID, SALARY, COMMISSION_PCT, MANAGER_ID, DEPARTMENT_ID) values (165, 'David', 'Lee', 'DLEE', '011.44.1346.529268',TO_DATE('2008-02-23','YYYY-MM-DD'), 'SA_REP', 6800.00, 0.10, 147, 80);
insert into EMPLOYEES (EMPLOYEE_ID, FIRST_NAME, LAST_NAME, EMAIL, PHONE_NUMBER, HIRE_DATE, JOB_ID, SALARY, COMMISSION_PCT, MANAGER_ID, DEPARTMENT_ID) values (166, 'Sundar', 'Ande', 'SANDE', '011.44.1346.629268',TO_DATE('2008-03-24','YYYY-MM-DD'), 'SA_REP', 6400.00, 0.10, 147, 80);
insert into EMPLOYEES (EMPLOYEE_ID, FIRST_NAME, LAST_NAME, EMAIL, PHONE_NUMBER, HIRE_DATE, JOB_ID, SALARY, COMMISSION_PCT, MANAGER_ID, DEPARTMENT_ID) values (167, 'Amit', 'Banda', 'ABANDA', '011.44.1346.729268',TO_DATE('2008-04-21','YYYY-MM-DD'), 'SA_REP', 6200.00, 0.10, 147, 80);
insert into EMPLOYEES (EMPLOYEE_ID, FIRST_NAME, LAST_NAME, EMAIL, PHONE_NUMBER, HIRE_DATE, JOB_ID, SALARY, COMMISSION_PCT, MANAGER_ID, DEPARTMENT_ID) values (168, 'Lisa', 'Ozer', 'LOZER', '011.44.1343.929268',TO_DATE('2005-03-11','YYYY-MM-DD'), 'SA_REP', 11500.00, 0.25, 148, 80);
insert into EMPLOYEES (EMPLOYEE_ID, FIRST_NAME, LAST_NAME, EMAIL, PHONE_NUMBER, HIRE_DATE, JOB_ID, SALARY, COMMISSION_PCT, MANAGER_ID, DEPARTMENT_ID) values (169, 'Harrison', 'Bloom', 'HBLOOM', '011.44.1343.829268',TO_DATE('2006-03-23','YYYY-MM-DD'), 'SA_REP', 10000.00, 0.20, 148, 80);
insert into EMPLOYEES (EMPLOYEE_ID, FIRST_NAME, LAST_NAME, EMAIL, PHONE_NUMBER, HIRE_DATE, JOB_ID, SALARY, COMMISSION_PCT, MANAGER_ID, DEPARTMENT_ID) values (170, 'Tayler', 'Fox', 'TFOX', '011.44.1343.729268',TO_DATE('2006-01-24','YYYY-MM-DD'), 'SA_REP', 9600.00, 0.20, 148, 80);
insert into EMPLOYEES (EMPLOYEE_ID, FIRST_NAME, LAST_NAME, EMAIL, PHONE_NUMBER, HIRE_DATE, JOB_ID, SALARY, COMMISSION_PCT, MANAGER_ID, DEPARTMENT_ID) values (171, 'William', 'Smith', 'WSMITH', '011.44.1343.629268',TO_DATE('2007-02-23','YYYY-MM-DD'), 'SA_REP', 7400.00, 0.15, 148, 80);
insert into EMPLOYEES (EMPLOYEE_ID, FIRST_NAME, LAST_NAME, EMAIL, PHONE_NUMBER, HIRE_DATE, JOB_ID, SALARY, COMMISSION_PCT, MANAGER_ID, DEPARTMENT_ID) values (172, 'Elizabeth', 'Bates', 'EBATES', '011.44.1343.529268',TO_DATE('2007-03-24','YYYY-MM-DD'), 'SA_REP', 7300.00, 0.15, 148, 80);
insert into EMPLOYEES (EMPLOYEE_ID, FIRST_NAME, LAST_NAME, EMAIL, PHONE_NUMBER, HIRE_DATE, JOB_ID, SALARY, COMMISSION_PCT, MANAGER_ID, DEPARTMENT_ID) values (173, 'Sundita', 'Kumar', 'SKUMAR', '011.44.1343.329268',TO_DATE('2008-04-21','YYYY-MM-DD'), 'SA_REP', 6100.00, 0.10, 148, 80);
insert into EMPLOYEES (EMPLOYEE_ID, FIRST_NAME, LAST_NAME, EMAIL, PHONE_NUMBER, HIRE_DATE, JOB_ID, SALARY, COMMISSION_PCT, MANAGER_ID, DEPARTMENT_ID) values (174, 'Ellen', 'Abel', 'EABEL', '011.44.1644.429267',TO_DATE('2004-05-11','YYYY-MM-DD'), 'SA_REP', 11000.00, 0.30, 149, 80);
insert into EMPLOYEES (EMPLOYEE_ID, FIRST_NAME, LAST_NAME, EMAIL, PHONE_NUMBER, HIRE_DATE, JOB_ID, SALARY, COMMISSION_PCT, MANAGER_ID, DEPARTMENT_ID) values (175, 'Alyssa', 'Hutton', 'AHUTTON', '011.44.1644.429266',TO_DATE('2005-03-19','YYYY-MM-DD'), 'SA_REP', 8800.00, 0.25, 149, 80);
insert into EMPLOYEES (EMPLOYEE_ID, FIRST_NAME, LAST_NAME, EMAIL, PHONE_NUMBER, HIRE_DATE, JOB_ID, SALARY, COMMISSION_PCT, MANAGER_ID, DEPARTMENT_ID) values (176, 'Jonathon', 'Taylor', 'JTAYLOR', '011.44.1644.429265',TO_DATE('2006-03-24','YYYY-MM-DD'), 'SA_REP', 8600.00, 0.20, 149, 80);
insert into EMPLOYEES (EMPLOYEE_ID, FIRST_NAME, LAST_NAME, EMAIL, PHONE_NUMBER, HIRE_DATE, JOB_ID, SALARY, COMMISSION_PCT, MANAGER_ID, DEPARTMENT_ID) values (177, 'Jack', 'Livingston', 'JLIVINGS', '011.44.1644.429264',TO_DATE('2006-04-23','YYYY-MM-DD'), 'SA_REP', 8400.00, 0.20, 149, 80);
insert into EMPLOYEES (EMPLOYEE_ID, FIRST_NAME, LAST_NAME, EMAIL, PHONE_NUMBER, HIRE_DATE, JOB_ID, SALARY, COMMISSION_PCT, MANAGER_ID, DEPARTMENT_ID) values (178, 'Kimberely', 'Grant', 'KGRANT', '011.44.1644.429263',TO_DATE('2007-05-24','YYYY-MM-DD'), 'SA_REP', 7000.00, 0.15, 149, null);
insert into EMPLOYEES (EMPLOYEE_ID, FIRST_NAME, LAST_NAME, EMAIL, PHONE_NUMBER, HIRE_DATE, JOB_ID, SALARY, COMMISSION_PCT, MANAGER_ID, DEPARTMENT_ID) values (179, 'Charles', 'Johnson', 'CJOHNSON', '011.44.1644.429262',TO_DATE('2008-01-04','YYYY-MM-DD'), 'SA_REP', 6200.00, 0.10, 149, 80);
insert into EMPLOYEES (EMPLOYEE_ID, FIRST_NAME, LAST_NAME, EMAIL, PHONE_NUMBER, HIRE_DATE, JOB_ID, SALARY, COMMISSION_PCT, MANAGER_ID, DEPARTMENT_ID) values (180, 'Winston', 'Taylor', 'WTAYLOR', '650.507.9876',TO_DATE('2006-01-24','YYYY-MM-DD'), 'SH_CLERK', 3200.00, null, 120, 50);
insert into EMPLOYEES (EMPLOYEE_ID, FIRST_NAME, LAST_NAME, EMAIL, PHONE_NUMBER, HIRE_DATE, JOB_ID, SALARY, COMMISSION_PCT, MANAGER_ID, DEPARTMENT_ID) values (181, 'Jean', 'Fleaur', 'JFLEAUR', '650.507.9877',TO_DATE('2006-02-23','YYYY-MM-DD'), 'SH_CLERK', 3100.00, null, 120, 50);
insert into EMPLOYEES (EMPLOYEE_ID, FIRST_NAME, LAST_NAME, EMAIL, PHONE_NUMBER, HIRE_DATE, JOB_ID, SALARY, COMMISSION_PCT, MANAGER_ID, DEPARTMENT_ID) values (182, 'Martha', 'Sullivan', 'MSULLIVA', '650.507.9878',TO_DATE('2007-06-21','YYYY-MM-DD'), 'SH_CLERK', 2500.00, null, 120, 50);
insert into EMPLOYEES (EMPLOYEE_ID, FIRST_NAME, LAST_NAME, EMAIL, PHONE_NUMBER, HIRE_DATE, JOB_ID, SALARY, COMMISSION_PCT, MANAGER_ID, DEPARTMENT_ID) values (183, 'Girard', 'Geoni', 'GGEONI', '650.507.9879',TO_DATE('2008-02-03','YYYY-MM-DD'), 'SH_CLERK', 2800.00, null, 120, 50);
insert into EMPLOYEES (EMPLOYEE_ID, FIRST_NAME, LAST_NAME, EMAIL, PHONE_NUMBER, HIRE_DATE, JOB_ID, SALARY, COMMISSION_PCT, MANAGER_ID, DEPARTMENT_ID) values (184, 'Nandita', 'Sarchand', 'NSARCHAN', '650.509.1876',TO_DATE('2004-01-27','YYYY-MM-DD'), 'SH_CLERK', 4200.00, null, 121, 50);
insert into EMPLOYEES (EMPLOYEE_ID, FIRST_NAME, LAST_NAME, EMAIL, PHONE_NUMBER, HIRE_DATE, JOB_ID, SALARY, COMMISSION_PCT, MANAGER_ID, DEPARTMENT_ID) values (185, 'Alexis', 'Bull', 'ABULL', '650.509.2876',TO_DATE('2005-02-20','YYYY-MM-DD'), 'SH_CLERK', 4100.00, null, 121, 50);
insert into EMPLOYEES (EMPLOYEE_ID, FIRST_NAME, LAST_NAME, EMAIL, PHONE_NUMBER, HIRE_DATE, JOB_ID, SALARY, COMMISSION_PCT, MANAGER_ID, DEPARTMENT_ID) values (186, 'Julia', 'Dellinger', 'JDELLING', '650.509.3876',TO_DATE('2006-06-24','YYYY-MM-DD'), 'SH_CLERK', 3400.00, null, 121, 50);
insert into EMPLOYEES (EMPLOYEE_ID, FIRST_NAME, LAST_NAME, EMAIL, PHONE_NUMBER, HIRE_DATE, JOB_ID, SALARY, COMMISSION_PCT, MANAGER_ID, DEPARTMENT_ID) values (187, 'Anthony', 'Cabrio', 'ACABRIO', '650.509.4876',TO_DATE('2007-02-07','YYYY-MM-DD'), 'SH_CLERK', 3000.00, null, 121, 50);
insert into EMPLOYEES (EMPLOYEE_ID, FIRST_NAME, LAST_NAME, EMAIL, PHONE_NUMBER, HIRE_DATE, JOB_ID, SALARY, COMMISSION_PCT, MANAGER_ID, DEPARTMENT_ID) values (188, 'Kelly', 'Chung', 'KCHUNG', '650.505.1876',TO_DATE('2005-06-14','YYYY-MM-DD'), 'SH_CLERK', 3800.00, null, 122, 50);
insert into EMPLOYEES (EMPLOYEE_ID, FIRST_NAME, LAST_NAME, EMAIL, PHONE_NUMBER, HIRE_DATE, JOB_ID, SALARY, COMMISSION_PCT, MANAGER_ID, DEPARTMENT_ID) values (189, 'Jennifer', 'Dilly', 'JDILLY', '650.505.2876',TO_DATE('2005-08-13','YYYY-MM-DD'), 'SH_CLERK', 3600.00, null, 122, 50);
insert into EMPLOYEES (EMPLOYEE_ID, FIRST_NAME, LAST_NAME, EMAIL, PHONE_NUMBER, HIRE_DATE, JOB_ID, SALARY, COMMISSION_PCT, MANAGER_ID, DEPARTMENT_ID) values (190, 'Timothy', 'Gates', 'TGATES', '650.505.3876',TO_DATE('2006-07-11','YYYY-MM-DD'), 'SH_CLERK', 2900.00, null, 122, 50);
insert into EMPLOYEES (EMPLOYEE_ID, FIRST_NAME, LAST_NAME, EMAIL, PHONE_NUMBER, HIRE_DATE, JOB_ID, SALARY, COMMISSION_PCT, MANAGER_ID, DEPARTMENT_ID) values (191, 'Randall', 'Perkins', 'RPERKINS', '650.505.4876',TO_DATE('2007-12-19','YYYY-MM-DD'), 'SH_CLERK', 2500.00, null, 122, 50);
insert into EMPLOYEES (EMPLOYEE_ID, FIRST_NAME, LAST_NAME, EMAIL, PHONE_NUMBER, HIRE_DATE, JOB_ID, SALARY, COMMISSION_PCT, MANAGER_ID, DEPARTMENT_ID) values (192, 'Sarah', 'Bell', 'SBELL', '650.501.1876',TO_DATE('2004-02-04','YYYY-MM-DD'), 'SH_CLERK', 4000.00, null, 123, 50);
insert into EMPLOYEES (EMPLOYEE_ID, FIRST_NAME, LAST_NAME, EMAIL, PHONE_NUMBER, HIRE_DATE, JOB_ID, SALARY, COMMISSION_PCT, MANAGER_ID, DEPARTMENT_ID) values (193, 'Britney', 'Everett', 'BEVERETT', '650.501.2876',TO_DATE('2005-03-03','YYYY-MM-DD'), 'SH_CLERK', 3900.00, null, 123, 50);
insert into EMPLOYEES (EMPLOYEE_ID, FIRST_NAME, LAST_NAME, EMAIL, PHONE_NUMBER, HIRE_DATE, JOB_ID, SALARY, COMMISSION_PCT, MANAGER_ID, DEPARTMENT_ID) values (194, 'Samuel', 'McCain', 'SMCCAIN', '650.501.3876',TO_DATE('2006-07-01','YYYY-MM-DD'), 'SH_CLERK', 3200.00, null, 123, 50);
insert into EMPLOYEES (EMPLOYEE_ID, FIRST_NAME, LAST_NAME, EMAIL, PHONE_NUMBER, HIRE_DATE, JOB_ID, SALARY, COMMISSION_PCT, MANAGER_ID, DEPARTMENT_ID) values (195, 'Vance', 'Jones', 'VJONES', '650.501.4876',TO_DATE('2007-03-17','YYYY-MM-DD'), 'SH_CLERK', 2800.00, null, 123, 50);
insert into EMPLOYEES (EMPLOYEE_ID, FIRST_NAME, LAST_NAME, EMAIL, PHONE_NUMBER, HIRE_DATE, JOB_ID, SALARY, COMMISSION_PCT, MANAGER_ID, DEPARTMENT_ID) values (196, 'Alana', 'Walsh', 'AWALSH', '650.507.9811',TO_DATE('2006-04-24','YYYY-MM-DD'), 'SH_CLERK', 3100.00, null, 124, 50);
insert into EMPLOYEES (EMPLOYEE_ID, FIRST_NAME, LAST_NAME, EMAIL, PHONE_NUMBER, HIRE_DATE, JOB_ID, SALARY, COMMISSION_PCT, MANAGER_ID, DEPARTMENT_ID) values (197, 'Kevin', 'Feeney', 'KFEENEY', '650.507.9822',TO_DATE('2006-05-23','YYYY-MM-DD'), 'SH_CLERK', 3000.00, null, 124, 50);
insert into EMPLOYEES (EMPLOYEE_ID, FIRST_NAME, LAST_NAME, EMAIL, PHONE_NUMBER, HIRE_DATE, JOB_ID, SALARY, COMMISSION_PCT, MANAGER_ID, DEPARTMENT_ID) values (198, 'Donald', 'OConnell', 'DOCONNEL', '650.507.9833',TO_DATE('2007-06-21','YYYY-MM-DD'), 'SH_CLERK', 2600.00, null, 124, 50);
insert into EMPLOYEES (EMPLOYEE_ID, FIRST_NAME, LAST_NAME, EMAIL, PHONE_NUMBER, HIRE_DATE, JOB_ID, SALARY, COMMISSION_PCT, MANAGER_ID, DEPARTMENT_ID) values (199, 'Douglas', 'Grant', 'DGRANT', '650.507.9844',TO_DATE('2008-01-13','YYYY-MM-DD'), 'SH_CLERK', 2600.00, null, 124, 50);
insert into EMPLOYEES (EMPLOYEE_ID, FIRST_NAME, LAST_NAME, EMAIL, PHONE_NUMBER, HIRE_DATE, JOB_ID, SALARY, COMMISSION_PCT, MANAGER_ID, DEPARTMENT_ID) values (200, 'Jennifer', 'Whalen', 'JWHALEN', '515.123.4444',TO_DATE('2003-09-17','YYYY-MM-DD'), 'AD_ASST', 4400.00, null, 101, 10);
insert into EMPLOYEES (EMPLOYEE_ID, FIRST_NAME, LAST_NAME, EMAIL, PHONE_NUMBER, HIRE_DATE, JOB_ID, SALARY, COMMISSION_PCT, MANAGER_ID, DEPARTMENT_ID) values (201, 'Michael', 'Hartstein', 'MHARTSTE', '515.123.5555',TO_DATE('2004-02-17','YYYY-MM-DD'), 'MK_MAN', 13000.00, null, 100, 20);
insert into EMPLOYEES (EMPLOYEE_ID, FIRST_NAME, LAST_NAME, EMAIL, PHONE_NUMBER, HIRE_DATE, JOB_ID, SALARY, COMMISSION_PCT, MANAGER_ID, DEPARTMENT_ID) values (202, 'Pat', 'Fay', 'PFAY', '603.123.6666',TO_DATE('2005-08-17','YYYY-MM-DD'), 'MK_REP', 6000.00, null, 201, 20);
insert into EMPLOYEES (EMPLOYEE_ID, FIRST_NAME, LAST_NAME, EMAIL, PHONE_NUMBER, HIRE_DATE, JOB_ID, SALARY, COMMISSION_PCT, MANAGER_ID, DEPARTMENT_ID) values (203, 'Susan', 'Mavris', 'SMAVRIS', '515.123.7777',TO_DATE('2002-06-07','YYYY-MM-DD'), 'HR_REP', 6500.00, null, 101, 40);
insert into EMPLOYEES (EMPLOYEE_ID, FIRST_NAME, LAST_NAME, EMAIL, PHONE_NUMBER, HIRE_DATE, JOB_ID, SALARY, COMMISSION_PCT, MANAGER_ID, DEPARTMENT_ID) values (204, 'Hermann', 'Baer', 'HBAER', '515.123.8888',TO_DATE('2002-06-07','YYYY-MM-DD'), 'PR_REP', 10000.00, null, 101, 70);
insert into EMPLOYEES (EMPLOYEE_ID, FIRST_NAME, LAST_NAME, EMAIL, PHONE_NUMBER, HIRE_DATE, JOB_ID, SALARY, COMMISSION_PCT, MANAGER_ID, DEPARTMENT_ID) values (205, 'Shelley', 'Higgins', 'SHIGGINS', '515.123.8080',TO_DATE('2002-06-07','YYYY-MM-DD'), 'AC_MGR', 12008.00, null, 101, 110);
insert into EMPLOYEES (EMPLOYEE_ID, FIRST_NAME, LAST_NAME, EMAIL, PHONE_NUMBER, HIRE_DATE, JOB_ID, SALARY, COMMISSION_PCT, MANAGER_ID, DEPARTMENT_ID) values (206, 'William', 'Gietz', 'WGIETZ', '515.123.8181',TO_DATE('2002-06-07','YYYY-MM-DD'), 'AC_ACCOUNT', 8300.00, null, 205, 110);
insert into JOB_HISTORY (EMPLOYEE_ID, START_DATE, END_DATE, JOB_ID, DEPARTMENT_ID) values (102, TO_DATE('2001-01-13','YYYY-MM-DD'), TO_DATE('2006-07-24','YYYY-MM-DD'), 'IT_PROG', 60);
insert into JOB_HISTORY (EMPLOYEE_ID, START_DATE, END_DATE, JOB_ID, DEPARTMENT_ID) values (101, TO_DATE('1997-09-21','YYYY-MM-DD'), TO_DATE('2001-10-27','YYYY-MM-DD'), 'AC_ACCOUNT', 110);
insert into JOB_HISTORY (EMPLOYEE_ID, START_DATE, END_DATE, JOB_ID, DEPARTMENT_ID) values (101, TO_DATE('2001-10-28','YYYY-MM-DD'), TO_DATE('2005-03-15','YYYY-MM-DD'), 'AC_MGR', 110);
insert into JOB_HISTORY (EMPLOYEE_ID, START_DATE, END_DATE, JOB_ID, DEPARTMENT_ID) values (201, TO_DATE('2004-02-17','YYYY-MM-DD'), TO_DATE('2007-12-19','YYYY-MM-DD'), 'MK_REP', 20);
insert into JOB_HISTORY (EMPLOYEE_ID, START_DATE, END_DATE, JOB_ID, DEPARTMENT_ID) values (114, TO_DATE('2006-03-24','YYYY-MM-DD'), TO_DATE('2007-12-31','YYYY-MM-DD'), 'ST_CLERK', 50);
insert into JOB_HISTORY (EMPLOYEE_ID, START_DATE, END_DATE, JOB_ID, DEPARTMENT_ID) values (122, TO_DATE('2007-01-01','YYYY-MM-DD'), TO_DATE('2007-12-31','YYYY-MM-DD'), 'ST_CLERK', 50);
insert into JOB_HISTORY (EMPLOYEE_ID, START_DATE, END_DATE, JOB_ID, DEPARTMENT_ID) values (200, TO_DATE('1995-09-17','YYYY-MM-DD'), TO_DATE('2001-06-17','YYYY-MM-DD'), 'AD_ASST', 90);
insert into JOB_HISTORY (EMPLOYEE_ID, START_DATE, END_DATE, JOB_ID, DEPARTMENT_ID) values (176, TO_DATE('2006-03-24','YYYY-MM-DD'), TO_DATE('2006-12-31','YYYY-MM-DD'), 'SA_REP', 80);
insert into JOB_HISTORY (EMPLOYEE_ID, START_DATE, END_DATE, JOB_ID, DEPARTMENT_ID) values (176, TO_DATE('2007-01-01','YYYY-MM-DD'), TO_DATE('2007-12-31','YYYY-MM-DD'), 'SA_MAN', 80);
insert into JOB_HISTORY (EMPLOYEE_ID, START_DATE, END_DATE, JOB_ID, DEPARTMENT_ID) values (200, TO_DATE('2002-07-01','YYYY-MM-DD'), TO_DATE('2006-12-31','YYYY-MM-DD'), 'AC_ACCOUNT', 90);
